{
  "timestamp": "2025-04-15 11:31:07",
  "sample_count": 10,
  "summary_statistics": {
    "top_correlations": {},
    "moderate_stats": {
      "count": 3,
      "avg_anomaly_score": 0.05178413325155954,
      "features": {
        "speech_rate_wpm": {
          "mean": 104.12150986235183,
          "std": 7.938783010663385
        },
        "hesitation_count": {
          "mean": 4.333333333333333,
          "std": 2.309401076758503
        },
        "hesitation_ratio": {
          "mean": 0.09207161125319692,
          "std": 0.0521482058928483
        },
        "pause_count": {
          "mean": 9.666666666666666,
          "std": 0.5773502691896257
        },
        "pause_rate": {
          "mean": 20.304063654447287,
          "std": 1.242987021883556
        },
        "transcript_length": {
          "mean": 47.666666666666664,
          "std": 2.8867513459481287
        },
        "word_finding_difficulty_count": {
          "mean": 4.0,
          "std": 1.7320508075688772
        },
        "animal_count": {
          "mean": NaN,
          "std": NaN
        },
        "counting_errors": {
          "mean": NaN,
          "std": NaN
        },
        "counting_sequence_length": {
          "mean": NaN,
          "std": NaN
        },
        "anomaly": {
          "mean": 0.0,
          "std": 0.0
        },
        "pca1": {
          "mean": 3.2043885214238803,
          "std": 1.105933681382844
        },
        "pca2": {
          "mean": -0.17293366252769007,
          "std": 0.4860037336395576
        },
        "risk_score": {
          "mean": 0.7145047106132346,
          "std": 0.1790296122970763
        }
      }
    },
    "none_stats": {
      "count": 4,
      "avg_anomaly_score": 0.12176223622373415,
      "features": {
        "speech_rate_wpm": {
          "mean": 141.17095605394647,
          "std": 8.148601208025351
        },
        "hesitation_count": {
          "mean": 0.25,
          "std": 0.5
        },
        "hesitation_ratio": {
          "mean": 0.006097560975609756,
          "std": 0.012195121951219514
        },
        "pause_count": {
          "mean": 2.0,
          "std": 0.0
        },
        "pause_rate": {
          "mean": 6.522542498152254,
          "std": 2.0953252140333594
        },
        "transcript_length": {
          "mean": 33.25,
          "std": 10.750968948580091
        },
        "word_finding_difficulty_count": {
          "mean": 0.0,
          "std": 0.0
        },
        "animal_count": {
          "mean": 24.0,
          "std": 0.0
        },
        "counting_errors": {
          "mean": NaN,
          "std": NaN
        },
        "counting_sequence_length": {
          "mean": NaN,
          "std": NaN
        },
        "anomaly": {
          "mean": 0.0,
          "std": 0.0
        },
        "pca1": {
          "mean": -2.1592944006557735,
          "std": 0.5472273747797272
        },
        "pca2": {
          "mean": -0.24017489926919636,
          "std": 0.6616982432726858
        },
        "risk_score": {
          "mean": 0.18234248458179525,
          "std": 0.0689234161471941
        }
      }
    },
    "mild_stats": {
      "count": 3,
      "avg_anomaly_score": 0.09153624327450882,
      "features": {
        "speech_rate_wpm": {
          "mean": 122.81576922439349,
          "std": 11.567293753319602
        },
        "hesitation_count": {
          "mean": 1.3333333333333333,
          "std": 0.5773502691896257
        },
        "hesitation_ratio": {
          "mean": 0.0509500805152979,
          "std": 0.05210823682902806
        },
        "pause_count": {
          "mean": 3.0,
          "std": 0.0
        },
        "pause_rate": {
          "mean": 9.729468599033815,
          "std": 6.013450814817846
        },
        "transcript_length": {
          "mean": 38.0,
          "std": 17.435595774162696
        },
        "word_finding_difficulty_count": {
          "mean": 1.0,
          "std": 1.0
        },
        "animal_count": {
          "mean": NaN,
          "std": NaN
        },
        "counting_errors": {
          "mean": 0.0,
          "std": NaN
        },
        "counting_sequence_length": {
          "mean": 15.0,
          "std": NaN
        },
        "anomaly": {
          "mean": 0.3333333333333333,
          "std": 0.5773502691896258
        },
        "pca1": {
          "mean": -0.32532932054951486,
          "std": 0.018645076753381506
        },
        "pca2": {
          "mean": 0.4931668615532849,
          "std": 2.899444751270347
        },
        "risk_score": {
          "mean": 0.33755156321727336,
          "std": 0.4448976880189834
        }
      }
    }
  },
  "feature_importance": {
    "counting_sequence_length": 1.0,
    "transcript_length": 0.6152420451058835,
    "hesitation_ratio": 0.48029206349626014,
    "pause_rate": 0.45966945501367595,
    "pause_count": 0.4533944889144163,
    "word_finding_difficulty_count": 0.44355793606359684,
    "speech_rate_wpm": 0.37427252741973965,
    "hesitation_count": 0.3558474771252594,
    "animal_count": 0.15221616644829541,
    "counting_errors": 0.0
  }
}