Feature,Importance
counting_sequence_length,1.0
transcript_length,0.6152420451058835
hesitation_ratio,0.48029206349626014
pause_rate,0.45966945501367595
pause_count,0.4533944889144163
word_finding_difficulty_count,0.44355793606359684
speech_rate_wpm,0.37427252741973965
hesitation_count,0.3558474771252594
animal_count,0.15221616644829541
counting_errors,0.0
