Feature,Importance
word_finding_difficulty_count,1.0
hesitation_count,0.9386848626905482
transcript_length,0.6813326385285972
speech_rate_wpm,0.6390113897479014
pause_count,0.6189955442618058
hesitation_ratio,0.593211427951352
pause_rate,0.42916125077903944
counting_sequence_length,0.316121264728373
animal_count,0.15668795492509036
counting_errors,0.0
